
DROP TABLE IF EXISTS `articulo`;
/*!40101 SET @saved_cs_client     = @@character_set_client */;
/*!40101 SET character_set_client = utf8 */;
CREATE TABLE `articulo` (
  `id` int(11) NOT NULL AUTO_INCREMENT,
  `nombre` varchar(70) NOT NULL,
  `precio` double NOT NULL,
  `detalles` varchar(255) DEFAULT 'Sin comentarios',
  PRIMARY KEY (`id`)
) ENGINE=InnoDB AUTO_INCREMENT=7 DEFAULT CHARSET=utf8;


INSERT INTO `articulo` VALUES (1,'rollo',204800,'Sin levadura'),(2,'Huevos',450,'De pato'),(3,'leche',450,'Sin comentarios'),(4,'f asdkfaksj',0,'dfsgkj dg bsdfg s'),(5,'nuevo',0,'wer erwe'),(6,'nuevo 2',1231.123,'sajhdg efsddfasf');

DROP TABLE IF EXISTS `cliente`;
/*!40101 SET @saved_cs_client     = @@character_set_client */;
/*!40101 SET character_set_client = utf8 */;
CREATE TABLE `cliente` (
  `id` int(11) NOT NULL AUTO_INCREMENT,
  `cc` varchar(11) NOT NULL,
  `nombre` varchar(70) NOT NULL,
  `correo` varchar(100) NOT NULL,
  `tele` varchar(10) NOT NULL,
  `direccion` varchar(70) NOT NULL,
  PRIMARY KEY (`id`),
  UNIQUE KEY `cc` (`cc`),
  UNIQUE KEY `correo` (`correo`)
) ENGINE=InnoDB AUTO_INCREMENT=7 DEFAULT CHARSET=utf8;


INSERT INTO `cliente` VALUES (1,'1013456798','luis','123@123.com','3003456789','calle 72 carrera 14'),(4,'79785678','Fulanito de Tal','4fulanito@sincorreo.com','2777777','Kr 14 71 28'),(5,'510005','Goku','goku@sincorreo.com','','namesujein'),(6,'610006','Sin nombre','6@sincorreo.com','','');

CREATE TABLE `orden` (
  `id` int(11) NOT NULL AUTO_INCREMENT,
  `fecha` timestamp NOT NULL DEFAULT CURRENT_TIMESTAMP,
  `fk_cliente` int(6) NOT NULL,
  `estado` int(11) DEFAULT '1',
  `direccion` varchar(70) NOT NULL,
  `tele` varchar(70) NOT NULL,
  `correo` varchar(70) NOT NULL,
  `token` varchar(45) NOT NULL,
  PRIMARY KEY (`id`),
  KEY `padreCliente` (`fk_cliente`),
  CONSTRAINT `padreCliente` FOREIGN KEY (`fk_cliente`) REFERENCES `cliente` (`id`) ON UPDATE CASCADE
) ENGINE=InnoDB AUTO_INCREMENT=142 DEFAULT CHARSET=utf8;

INSERT INTO `orden` VALUES (13,'2017-12-22 17:44:40',6,1,'sadfasdfasfdas','6@sincorreo.com','asfasdfas','d4a286dd12d3193ab1dfb5ade064a8de30861d3a'),(14,'2017-12-22 17:48:32',6,1,'sf hsfh','6@sincorreo.com','dsfg dfg s','feeff6e0ad962ec4cf6a894e0136e6aba09b8d22'),(15,'2017-12-22 17:48:51',6,1,'wqerqwerq','6@sincorreo.com','ewr ewr','6f900cf1bca94ae75019ac78e833598dcf052f3b'),(16,'2017-12-22 17:49:25',6,1,'dfgsd','6@sincorreo.com','sdfdsg','fba489bd8ebc3d58f3d885edf8abed8eebb04f8c'),(17,'2017-12-22 17:50:03',6,1,'asdfasf','6@sincorreo.com','sdfasd','4e6bd36d4b1fb843b40bfa608f275cd109b55dea'),(18,'2017-12-22 17:50:23',6,1,'asdfasf','6@sincorreo.com','sadfas','91bfeab1aa59e0e0e5bb5d94d8e0df0255504eba'),(19,'2017-12-22 17:53:40',6,1,'dsfgsdfg','6@sincorreo.com','dfg dsfg','7d4622792d6f45488220ef468403225a95fea879'),(20,'2017-12-22 17:55:49',6,1,'zxcvxzcvxzc','6@sincorreo.com','xzvzxcv','3e9863e22b5c3f334a736cd9138cd840b765b11c'),(21,'2017-12-22 19:46:59',6,1,'qwerqwr','6@sincorreo.com','werqw','0b60c6132e8ace4441a930475109a0b369e88953'),(22,'2017-12-22 19:49:08',6,1,'asdfas','6@sincorreo.com','sasadf','338853cd5996a2ceaee9da47902ad3f65aa3aa92'),(23,'2017-12-22 19:49:53',6,1,'asdfas','6@sincorreo.com','sdfas','bc848f5e998fc7c2b824960ec7fb264e1b111ddd'),(24,'2017-12-22 19:50:56',6,1,'asfasf','6@sincorreo.com','safsdaf','d1b00e715f12a805f55f643146505004393a5da7'),(25,'2017-12-22 19:51:33',6,1,'sdfgfs','6@sincorreo.com','d','102d4762d1cba8d58f400376195da24c7af2b13e'),(26,'2017-12-22 19:55:16',6,1,'dsfgsdfg','6@sincorreo.com','sdfgsdf','f1caf19094e7c48dd7606159272dccee0ca26963'),(27,'2017-12-22 19:59:14',6,1,'sdfdasf','6@sincorreo.com','asdfa','1983323e71ada69fe48a7052e8608616ae735e39'),(28,'2017-12-22 20:02:00',6,1,'sdfgsdg','6@sincorreo.com','dfsgdfs','160bb30748d60f489e439a668117b40a82edc813'),(29,'2017-12-22 20:15:47',6,1,'qwerq','6@sincorreo.com','qwerqw','670bb07fc3fc79a3c6bc6ed095dc08e74a73c576'),(30,'2017-12-22 20:16:55',6,1,'sdfgsd','6@sincorreo.com','dfds','d8d3a4adb88cdb9e4602aed5d8548faa141193c7'),(31,'2017-12-22 20:18:38',6,1,'sdfgs','6@sincorreo.com','dsfgsd','a15d4767c0e1275421f9b4ab3c82e21dd2d1ac41'),(32,'2017-12-22 20:22:19',6,1,'qwerqw','6@sincorreo.com','qwerqw','94c264099209299630e40ecad3a99698d10669b7'),(33,'2017-12-22 20:25:07',6,1,'asdf','6@sincorreo.com','asdf','3b74ac0d41f2c63946dff053b74f94ef7edef5b2'),(34,'2017-12-22 20:28:43',6,1,'asdfa','6@sincorreo.com','asfas','35c7d058da00566946e6a8a9a7cbb96769171f75'),(35,'2017-12-22 20:29:16',6,1,'asdfa','6@sincorreo.com','asdf','3b3af24a0782aa41e6c122499bdb5af639913770'),(36,'2017-12-22 20:36:09',6,1,'235423','6@sincorreo.com','353254','1723cc11aad05fdf2d099ac5a6efe53962707aba'),(37,'2017-12-22 20:38:22',6,1,'dfghdf','6@sincorreo.com','fsggfdgh','6ca9912b39872b8dc47454a13b67bcb3afd1451f'),(38,'2017-12-22 20:40:53',6,1,'sdfg','6@sincorreo.com','sdfg','223c52eda303d0d06b6c0cc5e5360802b04ac161'),(39,'2017-12-22 20:41:45',6,1,'sdfg','6@sincorreo.com','dgs','6351139842be8cba36b944f4ed159d09238c8f74'),(40,'2017-12-22 20:44:41',6,1,'ertyer','6@sincorreo.com','rtre','6d27c0ae4556c328f8cc1f6a520aeaa928d3fb65'),(41,'2017-12-22 20:45:25',6,1,'sfg','6@sincorreo.com','sdfg','cc066c6988c74835eccc50e7dc6012f995a8bd80'),(42,'2017-12-22 20:47:31',6,1,'dsfg','6@sincorreo.com','dg','d1b063ffeb18ba7324e0ced0150fee3b57065351'),(43,'2017-12-22 20:51:02',6,1,'asdf','6@sincorreo.com','asdf','70db081b164264ef2ec866f33a40028a9887fa58'),(44,'2017-12-22 20:52:20',6,1,'asdf','6@sincorreo.com','sadfa','1fb112020e1a04b8792e12a3f5138d1e5297764e'),(45,'2017-12-22 20:53:00',6,1,'xcvb','6@sincorreo.com','xcvb','294be5410c50ad13acedd16a6d44c3f74bc392a6'),(46,'2017-12-22 20:53:38',6,1,'asdf','6@sincorreo.com','asdf','004558bf97ba7db4f116e05b0c75e6678ba8576f'),(47,'2017-12-22 20:54:17',6,1,'asd','6@sincorreo.com','ad','3bef7cddd594b2c2f6d8755f616748bc87811e1c'),(48,'2017-12-22 20:55:13',6,1,'zxcvzx','6@sincorreo.com','zxcvz','7293ed3b2dd982b5afe0920ec2fc528b9e5eb685'),(49,'2017-12-22 20:55:22',1,1,'calle 72 carrera 14','123@123.com','3003456789','32960d64dcae97c0841ced54cb1ed0e70e0e11f1'),(50,'2017-12-22 20:56:25',6,1,'sgf','6@sincorreo.com','sdf','16374f30c39780356d2781f351d242ca07d5e15b'),(51,'2017-12-22 20:57:36',6,1,'346543','6@sincorreo.com','34524','d6b26a27def1ec6f6861d1dab9b53c3246d5a089'),(52,'2017-12-22 21:02:27',6,1,'23452','6@sincorreo.com','32452','b31743a8d6ff59162183de9ca4f72cd4b5651222'),(53,'2017-12-22 21:03:18',1,1,'calle 72 carrera 14','123@123.com','3003456789','03b8208898b4664b5ec635dc8ddd166bc7011f9b'),(54,'2017-12-22 21:06:18',6,1,'sdfgs','6@sincorreo.com','fgdfg','52fc520494e09f8b29ac68b2a237189564c1c3e8'),(55,'2017-12-22 21:10:07',6,1,'23542','6@sincorreo.com','3452','2c7d76fd81cde917a6420b68b5e89edde7718d56'),(56,'2017-12-22 21:10:58',6,1,'adf','6@sincorreo.com','afda','2f1516583cecd2ec18b9bc339ad6679edf5b0776'),(57,'2017-12-22 21:14:06',6,1,'asdfa','6@sincorreo.com','dsaf','7bd11f1c12aa7ec3bee13115152c6cc058a0f69c'),(58,'2017-12-22 21:40:56',6,1,'345636','6@sincorreo.com','346534','5858bc45061366987f2b6597110bf2382bb4ac16'),(59,'2017-12-23 13:21:41',6,1,'ewtwe','6@sincorreo.com','3453','399a527e77fb6c00fdb492939985527791492ab0'),(60,'2017-12-23 13:26:04',6,1,'sadfasf','6@sincorreo.com','sdfas','c64e708ba90bbbb253992bf32f5f436a471af2da'),(61,'2017-12-23 13:28:01',6,1,'qwer','6@sincorreo.com','qwer','6ae221dd5af456d3e6fbe29ec5fa3ff5448a314b'),(62,'2017-12-23 13:35:12',6,1,'asdf','6@sincorreo.com','asfd','c060de75ef5609227d7a50813f0a22d21ff80078'),(63,'2017-12-23 13:35:57',6,1,'sd','6@sincorreo.com','ASD','4479aa02094470645e23f936fda045083d403603'),(64,'2017-12-23 13:39:15',6,1,'sadf','6@sincorreo.com','asdf','330dcdbb0bbd145a2e8f68cb04c51d2924b6e84e'),(65,'2017-12-23 13:53:11',6,1,'qwerq','6@sincorreo.com','werq','da3b8cbe6b47a879b73df21e292995990f7e971c'),(66,'2017-12-23 13:53:54',6,1,'asf','6@sincorreo.com','sadf','bd3e1bed384bf1c9cb34a432ba578ecb8e04ab5a'),(67,'2017-12-23 13:55:40',6,1,'adfa','6@sincorreo.com','asdfa','be992565419daad1e65f23b34f7ab3c542e4d01c'),(68,'2017-12-23 13:57:08',6,1,'asdf','6@sincorreo.com','asf','91c90edd5870fdb53c3c51c818def763592d70be'),(69,'2017-12-23 13:58:45',6,1,'asd','6@sincorreo.com','asd','511c03b10400870f0822e8544122878c73f8df26'),(70,'2017-12-23 13:59:35',6,1,'24','6@sincorreo.com','qw','8c035d91e38589a144b5849b168908cfeac928f9'),(71,'2017-12-23 14:06:41',6,1,'asfd','6@sincorreo.com','asdf','6207195a1ec0dd74aa26f0748f42a73e963d9535'),(72,'2017-12-23 14:14:57',6,1,'sdfg','6@sincorreo.com','sdfg','3e738fc725be27e12378ae8122f82f81127930ef'),(73,'2017-12-23 14:16:18',6,1,'asdf','6@sincorreo.com','asdf','c056abced5ddf026a0636eed556353f4158853a9'),(74,'2017-12-23 14:20:20',6,1,'adsf','6@sincorreo.com','fad','edd93dcd9205412977f01e51a348b915c940ac49'),(75,'2017-12-23 14:22:25',6,1,'sfg','6@sincorreo.com','sdfg','990c2a85c105ca70cdfe324692727757cdbc2211'),(76,'2017-12-23 14:23:59',6,1,'adf','6@sincorreo.com','af','98eebc651f9b4e2047dd93c7554324fa4eacad06'),(77,'2017-12-23 14:28:07',6,1,'43634','6@sincorreo.com','36543','a597b373e6fe735d779f72abe9ee5f3a4a1915fa'),(78,'2017-12-23 14:29:07',6,1,'asdf','6@sincorreo.com','asdf','fff8898b3e3131837fd00dab0aaf1ed4b53124ac'),(79,'2017-12-23 14:30:08',6,1,'asdf','6@sincorreo.com','asdf','6b6e5115a21b17aa745830997535819de859a827'),(80,'2017-12-23 14:30:51',6,1,'345','6@sincorreo.com','345','40d3b65a93ec652198f42267b0e70954a85b1040'),(81,'2017-12-23 14:34:36',6,1,'2345','6@sincorreo.com','345','e91e9deda14f9fbb3141c0a6de2e3d2432409257'),(82,'2017-12-23 14:35:19',6,1,'asdf','6@sincorreo.com','af','00b18ec06459bfd704769e309ca439c5b03f73d3'),(83,'2017-12-23 14:35:40',6,1,'2354','6@sincorreo.com','2354','abac5e7640babbb86c802cdc4b3630aa9a0d7e13'),(84,'2017-12-23 14:37:49',6,1,'235','6@sincorreo.com','324','11ed06ec1e44daece4145953d60be8d565acb43c'),(85,'2017-12-23 14:40:30',6,1,'234','6@sincorreo.com','234','47e79eec4978dc88a941d225999b931d0f0bb0d5'),(86,'2017-12-23 14:41:26',6,1,'235','6@sincorreo.com','325','774240c01e23c58a544aa11b42e787a5a1d374e5'),(87,'2017-12-23 14:44:50',6,1,'1234','6@sincorreo.com','234','8f8835c306dfd21715f22db3a1198c9affe0033b'),(88,'2017-12-23 14:48:16',6,1,'dgs','6@sincorreo.com','dd','0d1fd95260113c65cd89f327529141c866f89c27'),(89,'2017-12-23 14:50:50',6,1,'asdf','6@sincorreo.com','asfd','f1ec5591e8fb2aa7b7b57d0d484c03464d957e0d'),(90,'2017-12-23 14:52:23',6,1,'dsadsadsad','6@sincorreo.com','dasdasdsadsad','33946e9c6f3e775376a955d5fa810ab60d88c95e'),(91,'2017-12-23 14:55:24',6,1,'wetr','6@sincorreo.com','et','d1bab9bad2a9de564ca07e5e01d935738a8b69aa'),(92,'2017-12-23 14:58:06',6,1,'2345','6@sincorreo.com','24','78f6953364fffdefdc13c141f3f8c3bc6714690e'),(93,'2017-12-23 14:59:01',6,1,'dsadsa','6@sincorreo.com','sadsaddsadasd','83475b4985f58de3c04f629ff34fa21143c9d7b6'),(94,'2017-12-23 15:03:14',6,1,'234','6@sincorreo.com','234','947210ecd2b5165a3a5ee2e49da1e645af195963'),(95,'2017-12-23 15:04:39',6,1,'dasd','6@sincorreo.com','dsadsa','90d816d7823cb62322f2a6210e59a025f44427e2'),(96,'2017-12-23 15:06:45',6,1,'2342','6@sincorreo.com','32','597239559e59e220d1344472ad58293a3c6e51cf'),(97,'2017-12-23 15:08:07',6,1,'234','6@sincorreo.com','234','02a22983c030e14e2f3acae4e372edf68c3c611c'),(98,'2017-12-23 15:08:15',6,1,'dsadsa','6@sincorreo.com','dsaddsd','660d4309a041684ebea840511070610b2eae5136'),(99,'2017-12-23 15:09:37',6,1,'234','6@sincorreo.com','234','134326fbba456bc700d8e5219bdc0c04b6a3547e'),(100,'2017-12-23 15:09:53',6,1,'sddsa','6@sincorreo.com','dsasadsa','ab7269a2fc6f5207ab0da689c93b05bba5dc8dfc'),(101,'2017-12-23 15:11:20',6,1,'134','6@sincorreo.com','234','8477e038954985e02851d5ef802996dfa1aec9bd'),(102,'2017-12-23 15:12:00',6,1,'e','6@sincorreo.com','e','8804fe50ede791fd43d7567dd08aeae8620949ef'),(103,'2017-12-23 15:12:53',6,1,'2342','6@sincorreo.com','234','54380be8a62c25123f21223380927bb417dc168a'),(104,'2017-12-23 15:14:53',6,1,'ewtr','6@sincorreo.com','eq','42bd48907df17fb1c044bb44c7e0dd9b3e1799f2'),(105,'2017-12-23 15:14:57',6,1,'d','6@sincorreo.com','d','af885aa2a9225feddb0ddfc265f04784dc12a50e'),(106,'2017-12-23 15:19:06',6,1,'asdf','6@sincorreo.com','sdf','7c4e2c4b558edf25c913eb4dfb94c5d927c34e27'),(107,'2017-12-23 15:46:04',6,1,'234','6@sincorreo.com','234','8b7963bfa571701a0c986ecbf032b61690e25407'),(108,'2017-12-23 15:46:45',6,1,'wqer','6@sincorreo.com','wrwq','5f43cc40b9ada4afd02ed0ca90ded1a4409b468f'),(109,'2017-12-23 15:48:57',6,1,'3254','6@sincorreo.com','23432','ae2d4735dc6ca860e144493cbd81e145cb4ded5c'),(110,'2017-12-23 15:49:29',6,1,'qwer','6@sincorreo.com','wqer','e795b576dd1fd66d0fe2f60be439f2cf7afdb0cc'),(111,'2017-12-23 15:49:49',6,1,'sdfd','6@sincorreo.com','43434','30f221a2129ddb69a0a1c6b36ca8d4fee74d6eba'),(112,'2017-12-23 15:51:40',6,1,'sdf','6@sincorreo.com','sdf','edaa2fa4413d816908d497e46bb30c673870d15a'),(113,'2017-12-23 15:54:23',6,1,'wer','6@sincorreo.com','wer','6d1b1f723f4bea8c7734bf8304cf785fac880a25'),(114,'2017-12-23 16:02:25',6,1,'qwer','6@sincorreo.com','weqr','6e0be59c04c641d49874b82e3232e5be8c35a605'),(115,'2017-12-23 16:03:22',6,1,'dd','6@sincorreo.com','dd','4aef0dbe7d72e33e71ec13556e1602f0d0791c7f'),(116,'2017-12-23 16:04:13',6,1,'sdfg','6@sincorreo.com','sdf','3f30aa4efe57312cbd889e863317e8dc045d99de'),(117,'2017-12-23 16:05:55',6,1,'qwe','6@sincorreo.com','qwe','41bbf2f38295266ef8fa55865de84163cc3ec344'),(118,'2017-12-23 16:08:28',6,1,'erty','6@sincorreo.com','erty','02421feebe8709591aede11874fe03017398ca97'),(119,'2017-12-23 16:10:32',6,1,'sdf','6@sincorreo.com','sdf','f5d4ce13afbb2c2c601c996ee4622b5038277445'),(120,'2017-12-23 16:11:43',6,1,'wer','6@sincorreo.com','wer','9910ad07efbeb82f2c1c8eac6ff126108c710f72'),(121,'2017-12-23 16:11:49',6,1,'f','6@sincorreo.com','f','b7e80824bd7ff0a8d0c233f85bb0b229199da20b'),(122,'2017-12-23 16:25:46',6,1,'asdf','6@sincorreo.com','dsafa','21553a05e28818657169e598eb06e8987bb0f5bf'),(123,'2017-12-23 16:26:38',6,1,'xcvb','6@sincorreo.com','cbxc','663e2bf7a6d1a491c92ce812b3bf5a8819e82da6'),(124,'2017-12-23 16:30:12',6,1,'asdf','6@sincorreo.com','asdf','810bec3118640e211369ddb92242456cd269c152'),(125,'2017-12-23 16:32:44',6,1,'asdf','6@sincorreo.com','asdf','53766ea2100e000c8199dafb1f9c4212c932d30b'),(126,'2017-12-23 16:33:27',6,1,'qwe','6@sincorreo.com','qwe','283a1423ffd9bfc61a3b8a8900380d23ed426cf2'),(127,'2017-12-23 17:16:25',6,1,'asf','6@sincorreo.com','asdf','2f3a06452cd1cb1a927f92d469c2acfb8f0db5e5'),(128,'2017-12-23 17:26:53',6,1,'234','6@sincorreo.com','2342','669dd2abab74262efd3c3d2033825c342bfca21b'),(129,'2017-12-23 17:28:04',6,1,'23423','6@sincorreo.com','24234','f3056e4dbca3e301d48b49a06e46a7de26965063'),(130,'2017-12-23 17:28:48',6,1,'sdfg','6@sincorreo.com','sdf','29519f7cb0952982c2e270590707aacdf2b29e10'),(131,'2017-12-23 17:31:14',6,1,'asdf','6@sincorreo.com','asfa','196e50fc879dcb63ee286712b056c00092b47359'),(132,'2017-12-23 17:32:06',6,1,'asdfa','6@sincorreo.com','sadfa','679c443dc2f53a98d8aa493b42877b543d5c5add'),(133,'2017-12-23 17:34:25',6,1,'asdfas','6@sincorreo.com','safdas','adc911b404781239e6c5cc7d75bf0502c00c8bb4'),(134,'2017-12-23 17:38:05',6,1,'23423','6@sincorreo.com','2343','28b2babc923eb8a7a2c21494b4fec601ffccc578'),(135,'2017-12-23 17:40:17',6,1,'wetr','6@sincorreo.com','wetr','9b2566a963fe5fe6583fbd83a719518989c1bcc8'),(136,'2017-12-23 17:41:27',6,1,'asdf','6@sincorreo.com','asdfa','31dcae140baa180e4645e9ae07b03677b0dad40a'),(137,'2017-12-23 17:41:44',6,1,'wrte','6@sincorreo.com','ertw','932572e1eb855f85dc63da0ee9d95bf2197c3e21'),(138,'2017-12-23 17:42:45',6,1,'asdfa','6@sincorreo.com','sadfas','f49d061cef5ca0dde77f9a1052a91d90267f1f6a'),(139,'2017-12-23 17:44:04',6,1,'werwr','6@sincorreo.com','werw','64d0c46aca6cbadcbabeb1dabe2c72b3e5e5b7f0'),(140,'2017-12-23 17:50:31',6,1,'asdfas','6@sincorreo.com','sadfas','e4bab8c9224bf9d2e528ee52513e64feb6f9e581'),(141,'2017-12-23 17:54:02',6,1,'asdfa','6@sincorreo.com','asdas','7fb30cad22077a6a042dcb91ca9d759e210c0936');

CREATE TABLE `detalles` (
  `id` int(11) NOT NULL AUTO_INCREMENT,
  `cant` int(11) NOT NULL,
  `precio` double DEFAULT NULL,
  `fk_orden` int(11) NOT NULL,
  `fk_articulo` int(11) NOT NULL,
  PRIMARY KEY (`id`),
  KEY `padreArticulos` (`fk_articulo`),
  CONSTRAINT `padreArticulos` FOREIGN KEY (`fk_articulo`) REFERENCES `articulo` (`id`) ON UPDATE CASCADE,
  CONSTRAINT `padreOrden` FOREIGN KEY (`fk_orden`) REFERENCES `orden` (`id`) ON UPDATE CASCADE
) ENGINE=InnoDB AUTO_INCREMENT=20 DEFAULT CHARSET=utf8;

INSERT INTO `detalles` VALUES (8,234,450,126,3),(9,34,1231.123,126,6),(11,56,450,127,3),(12,3,450,130,2),(13,34,450,132,2),(14,34,450,133,3),(15,34,450,135,2),(16,45,450,136,2),(17,34,450,138,2),(18,34,0,138,5),(19,45,450,139,3);



